Nuclide,Mass_Excess_keV,Mass_Uncertainty_keV,Half_Life,Spin_Parity,Year,Decay_Modes,Mass_Number,Element,Isomer
1n,8071.3181,0.0004,,,1932.0,β−=100,1,n,
1H,7288.9710,0.0001,STABLE,,1920.0,IS=99.985578,1,H,
2H,13135.7229,0.0001,STABLE,,3.0,IS=0.014578,2,H,
3H,14949.8109,0.0001,,,0.0,β−=100,3,H,
3He,14931.2188,0.0001,STABLE,,98.0,IS=0.00022,3,He,
3Li,28670#,2000#,p-unstable,,98.0,,3,Li,i
4H,24620,100,,,100.0,n=100,4,H,
4He,2424.9158,0.0001,STABLE,0+,98.0,IS=99.99982,4,He,
4Li,25320,210,,,210.0,p=100,4,Li,i
5Be,37140#,2000#,p-unstable,,18.0,,5,Be,
5H,32890,90,,,90.0,2n=100,5,H,
5He,11231,20,,,20.0,n=100,5,He,
5Li,11680,50,,,50.0,p=100,5,Li,i
6B,47320#,2000#,p-unstable,,,,6,B,
6Be,18375,5,,0+,2.0,2p=100,6,Be,
6H,41880,250,,,250.0,,6,H,
6He,17592.10,0.05,806.92ms0.24,0+,1936.0,β−=100;β−d=0.00027818,6,He,
6Li,14086.8804,0.0014,STABLE,,2.0,IS=4.85171,6,Li,i
6Lii,17649.76,0.10,,,56.0,IT=100,6,Li,i
7B,27677,25,,,25.0,p=100,7,B,
7Bei,26750,30,,,30.0,,7,Be,i
7Be,15769.00,0.07,,,3.0,ε=100,7,Be,
7H,49140#,1000#,,,652.0,,7,H,
7He,26073,8,,,1967.0,n=100,7,He,
7Li,14907.105,0.004,STABLE,,3.0,IS=95.15171,7,Li,i
7Lii,26150,30,,,30.0,,7,Li,i
8B,22921.6,1.0,771.9ms0.9,2+,1950.0,β+=100;β+α=100,8,B,
8Bei,21568,3,,,2004.0,,8,Be,i
8Be,4941.67,0.04,,0+,5.0,α=100,8,Be,
8Bi,33546,8,,,5.0,,8,Bi,i
8C,35064,18,,0+,18.0,2p=100,8,C,
8He,31609.68,0.09,119.5ms1.5,0+,1965.0,β−=100;β−n=161;,8,He,
8Li,20945.80,0.05,838.7ms0.3,2+,1935.0,β−=100;β−α=100,8,Li,i
8Lii,31768,5,,,5.0,,8,Li,i
9B,12416.5,0.9,,,800.0,p=100,9,B,
9Bei,25738.8,1.7,,,6.0,,9,Be,i
9Be,11348.45,0.08,STABLE,,6.0,IS=100,9,Be,
9Bi,27071.0,2.3,,,6.0,,9,Bi,i
9C,28911.0,2.1,126.5ms0.9,,1964.0,β+=100;β+p=7.56;,9,C,
9He,40940,50,,,50.0,n=100,9,He,
9Li,24954.91,0.19,178.2ms0.4,,1951.0,β−=100;β−n=50.510,9,Li,i
10B,12050.611,0.015,STABLE,,7.0,IS=19.6544,10,B,
10Bei,33787,21,,,21.0,,10,Be,i
10Be,12607.49,0.08,1.387My0.012,0+,1935.0,β−=100,10,Be,
10Bi,13790.66,0.04,,,7.0,IT=100,10,Bi,i
10C,15698.67,0.07,,0+,1949.0,β+=100,10,C,
10He,49200,90,,0+,90.0,2n=100,10,He,
10Li,33053,13,,,13.0,n=100,10,Li,i
10Lim,33250,40,,1+,40.0,IT=100,10,Li,m
10Lin,33530,40,,,40.0,IT=100,10,Li,n
10N,38800,400,,,400.0,,10,N,
11B,8667.708,0.012,STABLE,,12.0,IS=80.3544,11,B,
11Bei,41336,20,,,20.0,,11,Be,i
11Be,20177.17,0.24,,,1958.0,β−=100;β−α=3.31;,11,Be,
11Bi,21228,9,,,12.0,,11,Bi,i
11Bj,42230,80,,,80.0,,11,Bj,
11C,10649.40,0.06,,,1934.0,β+=100,11,C,
11Ci,22810,40,,,40.0,p=?,11,Ci,i
11Li,40728.3,0.6,8.75ms0.06,,1966.0,β−=100;β−n=86.39;,11,Li,i
11N,24366,5,,1/2+,585.0,p=100,11,N,
11Nm,25110,60,,,60.0,p=100,11,Nm,m
11O,47740,60,,,60.0,2p=100,11,O,
12B,13369.4,1.3,20.20ms0.02,,17.0,β−=100;β−α=0.602,12,B,
12Bem,27328.8,2.1,,0+,2251.0,IT=100,12,Be,m
12Be,25077.8,1.9,21.46ms0.05,0+,17.0,β−=100;β−n=0.503,12,Be,
12Bi,26088,19,,,19.0,,12,Bi,i
12C,0.0,0.0,STABLE,0+,17.0,IS=98.946,12,C,
12Ci,15108,3,,,17.0,IT=?;α?,12,Ci,i
12Cj,27595.0,2.4,,,17.0,,12,Cj,
12Li,49010,30,,,30.0,,12,Li,i
12N,17338.1,1.0,11.000ms0.016,,1949.0,β+=100;β+α=1.934,12,N,
12Ni,29580,4,,,,,12,Ni,i
12O,32013,12,,0+,12.0,2p=100,12,O,
13B,16561.9,1.0,17.16ms0.18,,1956.0,β−=100;β−n=0.26636,13,B,
13Bep,35160,50,,,50.0,,13,Be,p
13Be,33659,10,,,10.0,,13,Be,
13C,3125.0093,0.0002,STABLE,,1.0,IS=1.066,13,C,
13Ci,18233.8,1.1,,,0.0,IT=0.827;n?;α?,13,Ci,i
13F,42030#,500#,,,,,13,F,
13Li,56980,70,,,70.0,2n=100,13,Li,i
13N,5345.48,0.27,,,0.0,β+=100,13,N,
13Ni,20410.59,0.18,,,0.0,IT=4.93;p?;α?,13,Ni,i
13O,23115,10,8.58ms0.05,,10.0,β+=100;β+p=10.92,13,O,
14B,23664,21,12.36ms0.29,,21.0,β−=100;β−n=6.0423;,14,B,
14Bep,41470,60,,,60.0,,14,Be,p
14Be,39950,130,4.53ms0.27,0+,130.0,β−=100;β−n=866;β−2n=52;,14,Be,
14Bi,40728,20,,,20.0,,14,Bi,i
14C,3019.893,0.004,,0+,1.0,β−=100,14,C,
14Ci,25120,100,,,100.0,IT=100,14,Ci,i
14F,31960,40,,,40.0,,14,F,
14N,2863.4168,0.0002,STABLE,,1.0,IS=99.6205247,14,N,
14Ni,5176.007,0.010,,,1963.0,IT=100,14,Ni,i
14O,8007.781,0.025,,0+,1949.0,β+=100,14,O,
15B,28957,21,10.18ms0.35,,21.0,β−=100;β−n=98.710;,15,B,
15Be,49830,170,,,170.0,n=100,15,Be,
15C,9873.1,0.8,,1/2+,2.0,β−=100,15,C,
15F,16567,14,,1/2+,14.0,p=100,15,F,
15N,101.4381,0.0006,STABLE,,2.0,IS=0.3795247,15,N,
15Ne,40220,70,,,70.0,2p=100,15,Ne,
15Ni,11717,4,,,2.0,n?;p?;IT=0.0052319,15,Ni,i
15O,2855.6,0.5,,,1934.0,β+=100,15,O,
15Oi,14020#,40#,,,,p=100,15,Oi,i
16B,37112,25,,,25.0,,16,B,
16Be,57450,170,,0+,170.0,2n=100,16,Be,
16C,13694,4,750ms6,0+,99.0,β−=100;β−n=99.03,16,C,
16F,10675,5,,,21.0,p=100,16,F,
16N,5683.9,2.3,,,1933.0,β−=100;β−α=0.001545,16,N,
16Ne,23987,20,,0+,20.0,2p=100,16,Ne,
16Ni,15613,7,,,9929.0,,16,Ni,i
16Nm,5804.3,2.3,,,1957.0,IT≈100;β−=0.00038925,16,Nm,m
16Oi,8059,4,,,8059.0,IT=100,16,Oi,i
16Oj,17984,4,,,99.0,,16,Oj,
16Op,8231.60,0.27,,,,p=784;α=224;IT=0.283,16,Op,p
17B,43720,200,5.08ms0.05,,200.0,β−=100;β−n=631;,17,B,
17C,21032,17,193ms6,3/2+,17.0,β−=100;β−n=28.413;,17,C,
17F,1951.70,0.25,,5/2+,1934.0,β+=100,17,F,
17Fi,13144.7,1.9,,,99.0,,17,Fi,i
17N,7870,15,,,7870.0,β−=100;β−n=95.17;,17,N,
17Na,34720,60,,,60.0,p=100,17,Na,
17Ne,16500.5,0.4,109.2ms0.6,,1963.0,β+=100;β+p=94.429;,17,Ne,
17Oi,10270.02,0.17,,,99.0,β−?;n?;IT=0.4214,17,Oi,i
18B,51790,200,<26ns,,200.0,n=100,18,B,
18C,24920,30,92ms2,0+,30.0,β−=100;β−n=31.515;,18,C,
18F,873.1,0.5,,1+,1937.0,β+=100,18,F,
18Fi,1914.7,0.5,,,96.0,IT=100,18,Fi,i
18Fm,1994.5,0.5,,5+,162.0,IT=100,18,Fm,m
18N,13113,19,619.2ms1.9,,19.0,β−=100;β−n=7.015;,18,N,
18Na,25040,90,,,90.0,p=?,18,Na,
18Ne,5317.6,0.4,1664.20ms0.47,0+,1954.0,β+=100,18,Ne,
18Oi,15495,20,,,20.0,,18,Oi,i
19B,59770,530,2.92ms0.13,,530.0,β−=100;β−n=719;,19,B,
19C,32410,100,46.2ms2.3,1/2+,100.0,β−=100;β−n=473;β−2n=73,19,C,
19Fi,6052.2,0.9,,,96.0,IT=100,19,Fi,i
19Mg,31840,60,,,60.0,2p=100,19,Mg,
19N,15856,16,336ms3,,16.0,β−=100;β−n=41.89,19,N,
19Na,12929,11,,,11.0,p=100,19,Na,
19Nei,9253,9,,,9253.0,,19,Ne,i
19Ne,1752.05,0.16,,,1939.0,β+=100,19,Ne,
19O,3332.9,2.6,,5/2+,1936.0,β−=100,19,O,
20B,69400,550,,,550.0,n=100;β−n?;β−2n?,20,B,
20C,37500,230,16ms3,0+,230.0,β−=100;β−n=7011;,20,C,
20Fi,6503,3,,,6503.0,,20,Fi,i
20Mg,17477.7,1.9,90.4ms0.5,0+,1974.0,β+=100;β+p=30.312,20,Mg,
20N,21770,80,136ms3,,80.0,β−=100;β−n=42.914;,20,N,
20Nai,13348.9,1.2,,,98.0,p=100,20,Na,i
20Na,6850.5,1.1,447.9ms2.3,,1950.0,β+=100;β+α=25.04,20,Na,
20Nei,3230.5,2.0,,,98.0,IT=100,20,Ne,i
20O,3796.2,0.9,,0+,98.0,β−=100,20,O,
21Al,27090#,600#,<35ns,,,,21,Al,
21B,78380,560,,,560.0,2n=100,21,B,
21C,45640#,600#,<30ns,,,,21,C,
21Mg,10903.9,0.8,120.0ms0.4,,1963.0,β+=100;β+p=20.121;,21,Mg,
21N,25230,130,85ms5,,130.0,β−=100;β−n=873;β−2n?,21,N,
21Nai,6790,4,,,6790.0,,21,Na,i
21Nei,3129.0,0.3,,,15.0,,21,Ne,i
21O,8062,12,,,8062.0,β−=100;β−n?,21,O,
22Al,18200#,400#,91.1ms0.5,(4)+,15.0,β+=100;β+p=553;,22,Al,
22C,53610,230,6.2ms1.3,0+,230.0,β−=100;β−n=6114;β−2n<37,22,C,
22F,2793,12,,,2793.0,β−=100;β−n<11,22,F,
22Mgi,13644,6,,,,α=?;p=?,22,Mg,i
22N,31760,210,23ms3,,210.0,β−=100;β−n=343;,22,N,
22Nei,5855,10,,,5855.0,,22,Ne,i
22O,9280,60,,0+,9280.0,β−=100;β−n<22,22,O,
22Si,33640#,500#,28.7ms1.1,0+,1987.0,β+=100;β+p=625;,22,Si,i
23Ali,18470,40,,,40.0,p=0.105;2p=3.64,23,Al,i
23Al,6748.1,0.3,446ms6,5/2+,1969.0,β+=100;β+p=1.225,23,Al,
23C,64170#,1000#,,,,,23,C,
23F,3290,30,,5/2+,3290.0,β−=100;β−n<14,23,F,
23Mgi,2329.3,0.6,,,1981.0,IT≈100;p=0.178,23,Mg,i
23N,36720,420,13.9ms1.4,,420.0,β−=100;β−n=426;β−2n=84;,23,N,
23O,14620,120,97ms8,1/2+,120.0,β−=100;β−n=72,23,O,
23Si,23950#,500#,42.3ms0.4,,1986.0,β+=100;β+p≈88;β+2p=3.63,23,Si,i
24Ali,5900,3,,,5900.0,,24,Al,i
24Alm,376.99,0.25,130ms3,1+,7.0,IT=82.530;β+=17.530;,24,Al,m
24F,7540,100,384ms16,3+,7540.0,β−=100;β−n<5.9,24,F,
24N,46940#,400#,<52ns,,,,24,N,
24O,18500,160,77.4ms4.5,0+,160.0,β−=100;β−n=434,24,O,
24P,34020#,500#,,,,,24,P,
24Si,10745,19,143.2ms2.1,0+,19.0,β+=100;β+p=34.514,24,Si,i
25F,11330,100,80ms9,,100.0,β−=100;β−n=23.145;,25,F,
25N,55980#,500#,<260ns,,,,25,N,
25O,27330,170,,,170.0,n=100,25,O,
25P,20190#,400#,<30ns,,,,25,P,
25Si,3827,10,220.6ms1.0,5/2+,3827.0,β+=100;β+p=352,25,Si,i
26F,18670,110,8.2ms0.9,1+,110.0,β−=100;β−n=13.540;,26,F,
26Fm,19310,110,2.2ms0.1,,110.0,IT=8211;β−=?;β−n=128,26,Fm,m
26Ne,481,18,197ms2,0+,481.0,β−=100;β−n=0.133,26,Ne,
26O,34660,160,,0+,160.0,2n=100,26,O,
26P,10970#,200#,43.6ms0.3,(3)+,1983.0,β+=100;β+p=35.114;,26,P,
26Pm,11130#,200#,,,115.0,IT=100,26,Pm,m
26S,27680#,600#,<79ns,0+,,,26,S,
26Sii,5874,4,,,5874.0,,26,Si,i
27F,25130,120,5.0ms0.2,,120.0,β−=100;β−n=7721;β−2n?,27,F,
27Ne,7050,90,30.9ms1.1,,7050.0,β−=100;β−n=2.05;β−2n?,27,Ne,
27O,44670#,500#,<260ns,,,,27,O,
27Pi,12010,30,,,30.0,,27,Pi,i
27S,17490#,400#,16.3ms0.2,,1986.0,β+=100;β+p=613;,27,S,
28Cl,28270#,500#,>100ns,,2018.0,p=100,28,Cl,
28F,33400,120,,,120.0,n=100,28,F,
28Ne,11300,130,18.8ms0.2,0+,130.0,β−=100;β−n=121;,28,Ne,
28O,52080#,700#,<100ns,0+,,2n?;β−=0,28,O,
28S,4070,160,125ms10,0+,4070.0,β+=100;β+p=20.719,28,S,
29Ar,37970#,440#,>100ns,,2018.0,2p=100,29,Ar,r
29Cl,14020#,190#,,,1993.0,p=100,29,Cl,
29F,40150,530,2.5ms0.3,,530.0,β−=100;β−n=6040;β−2n?,29,F,
29Na,2680,7,43.2ms0.4,,2680.0,β−=100;β−n=223;β−2n?,29,Na,
29Ne,18400,150,14.7ms0.4,,150.0,β−=100;β−n=285;β−2n=41,29,Ne,
30Ar,22070#,180#,,0+,,2p=100,30,Ar,r
30Cl,4675,24,>100ns,,4675.0,p=100,30,Cl,
30F,48960#,500#,<260ns,,,,30,F,
30Na,8475,5,45.9ms0.7,,8475.0,β−=100;β−n=28.622;,30,Na,
30Ne,23280,250,7.22ms0.18,0+,250.0,β−=100;β−n=134;,30,Ne,
31Ar,11330#,200#,15.0ms0.3,,1986.0,β+=100;β+p=68.33;,31,Ar,r
31Cli,5256,3,,,5256.0,,31,Cl,i
31F,56840#,540#,2#ms>260ns,,1999.0,,31,F,
31K,34260#,300#,,,2019.0,3p=100,31,K,
31Na,12246,14,16.8ms0.3,,14.0,β−=100;β−n=36.035;,31,Na,
31Ne,31180,270,3.4ms0.8,,270.0,β−=100;β−n?;β−2n?,31,Ne,
32K,21990#,400#,,,,,32,K,
32Km,22940#,410#,,,,,32,Km,m
32Na,18640,40,12.9ms0.3,,40.0,β−=100;β−n=266;,32,Na,
32Ne,37000#,500#,3.5ms0.9,0+,11.0,β−=100;β−n?;β−2n?,32,Ne,
33Ca,31030#,400#,,,,,33,Ca,
33K,7540#,200#,<25ns,,,,33,K,
33Mg,4962.9,2.7,92.0ms1.2,,1979.0,β−=100;β−n=142;β−2n?,33,Mg,
33Na,23780,450,8.2ms0.4,,450.0,β−=100;β−n=476;,33,Na,
33Ne,46130#,600#,<260ns,,,,33,Ne,
34Ca,14890#,300#,<35ns,0+,,,34,Ca,
34Mg,8323,7,44.9ms0.4,0+,8323.0,β−=100;β−n=217;β−2n<0.1,34,Mg,
34Na,31680,600,5.5ms1.0,1+,600.0,β−=100;β−2n≈50;β−n≈15,34,Na,
34Ne,52840#,510#,,0+,2002.0,,34,Ne,
35Ca,5190#,200#,25.7ms0.2,,1985.0,β+=100;β+p=95.814;,35,Ca,
35Mg,15640,270,11.3ms0.6,,270.0,β−=100;β−n=5246;β−2n?,35,Mg,
35Na,37830#,670#,1.5ms0.5,,11.0,β−=100;β−n?;β−2n?,35,Na,
35Sc,27100#,400#,,,,,35,Sc,
36Al,5950,150,90ms40,,5950.0,β−=100;β−n<31;β−2n?,36,Al,
36Mg,20380,690,3.9ms1.3,0+,690.0,β−=100;β−n=4812;β−2n?,36,Mg,
36Na,45900#,690#,<180ns,,,,36,Na,
37Al,9810,180,11.4ms0.3,,9810.0,β−=100;β−n=525;β−2n>1,37,Al,
37Mg,28210,700,8ms4,,700.0,,37,Mg,
37Na,53130#,690#,,,2002.0,,37,Na,
37Sc,3780#,300#,,,,,37,Sc,
37Ti,25170#,400#,,,,,37,Ti,i
38Al,16470#,150#,9.0ms0.7,,1989.0,β−=100;β−n=8419;β−2n?,38,Al,
38Mg,34070#,500#,2#ms>260ns,0+,17.0,β−=100#;β−n?;β−2n?,38,Mg,
38Na,61910#,720#,<400ns,,,,38,Na,
38Ti,11370#,300#,<120ns,0+,,,38,Ti,i
39Al,21490#,300#,7.6ms1.6,,18.0,β−=100;β−n=9722;β−2n?,39,Al,
39Mg,42780#,510#,<180ns,,18.0,,39,Mg,
39Na,69980#,740#,1#ms>400ns,,2019.0,,39,Na,
39Si,2320,140,41.2ms4.1,,2320.0,β−=100;β−n=333;β−2n?,39,Si,i
39Ti,2500#,200#,28.5ms0.9,,1990.0,β+=100;β+p=93.728;,39,Ti,i
39V,22570#,400#,,,,,39,V,
40Al,28820#,300#,10#ms>260ns,,17.0,,40,Al,
40Mg,49550#,500#,1#ms>170ns,0+,2007.0,,40,Mg,
40Si,5670,120,31.2ms2.6,0+,5670.0,β−=100;β−n=385;β−2n?,40,Si,i
40V,12470#,300#,,,,,40,V,
41Al,34590#,400#,6#ms>260ns,,1997.0,,41,Al,
41Cr,20410#,400#,,,,,41,Cr,r
41Mg,58100#,500#,,,,,41,Mg,
41Si,13200#,300#,20.0ms2.5,,16.0,β−=100;β−n>55;β−2n?,41,Si,i
41V,310#,200#,,,,,41,V,
42Al,41990#,500#,3#ms>170ns,,16.0,,42,Al,
42Cr,7060#,300#,13.3ms1.0,0+,16.0,β+≈100;β+p=94.450;2p?,42,Cr,r
42P,1090,100,48.5ms1.5,,1090.0,β−=100;β−n=5020;β−2n?,42,P,
42Si,16840#,300#,12.5ms3.5,0+,16.0,β−=100;β−n?;β−2n?,42,Si,i
43Al,48270#,600#,4#ms>170ns,,15.0,,43,Al,
43Mn,17370#,400#,,,,,43,Mn,n
43P,5040#,300#,35.8ms1.3,,1989.0,β−=100;β−n=100;β−2n?,43,P,
43Si,24330#,400#,30#ms>260ns,,2002.0,,43,Si,i
44Mn,7460#,300#,<105ns,,11.0,,44,Mn,n
44P,11110#,400#,18.5ms2.5,,11.0,β−=100;β−n?;β−2n?,44,P,
44Si,29310#,500#,4#ms>360ns,0+,11.0,,44,Si,i
45Fe,14410#,280#,2.5ms0.2,,1996.0,2p=704;β+=304;,45,Fe,
45P,15960#,500#,10#ms>200ns,,8.0,,45,P,
45Si,37090#,600#,,,,,45,Si,i
46Fe,1210#,300#,13.0ms2.0,0+,1992.0,β+=100;β+p=78.738;,46,Fe,
46P,22840#,500#,9#ms>200ns,,1990.0,,46,P,
46S,640#,400#,50ms8,0+,10.0,β−=100;β−n?;β−2n?,46,S,
47Co,10620#,600#,,,,,47,Co,o
47P,28810#,600#,4#ms>400ns,,2018.0,,47,P,
47S,7200#,400#,24#ms>200ns,,1989.0,,47,S,
48Co,1730#,500#,,,6.0,,48,Co,o
48Ni,18180#,420#,2.8ms0.8,0+,2000.0,2p=7020;β+=3020;β+p?,48,Ni,i
48S,12390#,500#,10#ms>200ns,0+,6.0,,48,S,
49Cl,740#,400#,35#ms>200ns,,1989.0,,49,Cl,
49Ni,8530#,600#,7.5ms1.0,,8.0,β+=100;β+p=83.413.2,49,Ni,i
49S,20390#,580#,4#ms>400ns,,2018.0,,49,S,
50Cl,7700#,400#,10#ms>620ns,,2009.0,,50,Cl,
51Cl,14290#,700#,5#ms>200ns,,16.0,,51,Cl,
52Cl,22360#,700#,2#ms>400ns,,2018.0,,52,Cl,
53Ar,6790#,700#,20#ms>620ns,,2009.0,,53,Ar,r
54Ar,12560#,800#,5#ms>400ns,0+,2018.0,,54,Ar,r
55K,470#,500#,10#ms>620ns,,2009.0,,55,K,
56K,7980#,600#,5#ms>620ns,,2009.0,,56,K,
57K,14130#,600#,2#ms>400ns,,2018.0,,57,K,
58K,21930#,700#,2#ms>400ns,,2019.0,,58,K,
59Ca,5810#,600#,5#ms>400ns,,2018.0,,59,Ca,
59K,28750#,800#,1#ms>400ns,,2018.0,,59,K,
60Ca,11000#,700#,2#ms>400ns,0+,2018.0,,60,Ca,
61Ca,19010#,800#,,,,,61,Ca,
61Sc,500#,600#,7#ms>620ns,,2009.0,,61,Sc,
62Sc,7310#,600#,2#ms>400ns,,2018.0,,62,Sc,
63Sc,13070#,700#,,,,,63,Sc,
65Ti,5210#,700#,,,,,65,Ti,i
170Hg,5420#,300#,,0+,310.0,α=100,170,Hg,
171Hg,3340#,310#,,,70.0,,171,Hg,
176Tl,580,80,6.2ms2.3,,580.0,,176,Tl,
178Pb,3573,23,,0+,3573.0,,178,Pb,
179Pb,2050,80,2.7ms0.2,,2050.0,α=100,179,Pb,
184Bi,1250#,120#,6.6ms1.5,,10.0,α=100,184,Bi,i
184Bim,1400#,160#,13ms2,,10.0,α=100,184,Bi,m
186Po,4102,18,,0+,4102.0,,186,Po,o
187Pom,2830,40,0.5ms,,2830.0,,187,Po,m
187Po,2820,30,1.40ms0.25,,2820.0,,187,Po,o
191Atm,3922,18,2.2ms0.4,,3922.0,,191,At,m
191At,3864,16,2.1ms0.8,1/2+,3864.0,,191,At,t
192Atm,2926,28,88ms6,,2926.0,α=100;β+?;β+SF<0.51,192,At,m
192At,2926,28,11.5ms0.6,,2926.0,α=100;β+?;β+SF<0.51,192,At,t
193Rn,9043,25,1.15ms0.27,,9043.0,,193,Rn,n
194Rn,5725,17,,0+,5725.0,,194,Rn,n
195Rnm,5131,17,6ms3,13/2+,5131.0,α=100,195,Rn,m
195Rn,5050,50,7ms3,,5050.0,α=100,195,Rn,n
196Rn,1975,14,4.7ms1.1,0+,1975.0,,196,Rn,n
197Fr,10250,60,2.3ms1.9,,60.0,,197,Fr,r
197Rnm,1709,16,25.6ms2.5,13/2+,1709.0,,197,Rn,m
197Rn,1510,16,54ms6,,1510.0,,197,Rn,n
198Frm,9580,40,1.1ms0.7,,9580.0,,198,Fr,m
198Fr,9580,30,15ms3,,9580.0,,198,Fr,r
199Frm,6817,10,6.5ms0.9,,6817.0,,199,Fr,m
199Frn,7020#,50#,2.2ms1.2,,,,199,Fr,n
199Fr,6771,14,6.6ms2.2,,6771.0,,199,Fr,r
200Frm,6180,60,190ms120,,6180.0,,200,Fr,m
200Frn,6280#,60#,,,790.0,,200,Fr,n
200Fr,6130,30,47.5ms2.8,,6130.0,α=100;β+?;β+SF?,200,Fr,r
201Frm,3718,10,24ms6,1/2+,3718.0,α=100,201,Fr,m
201Frn,3879,9,,13/2+,3879.0,IT=100,201,Fr,n
201Fr,3589,9,62.8ms1.9,,3589.0,,201,Fr,r
201Ram,12200,26,6ms5,13/2+,26.0,α=100,201,Ra,m
201Ra,11937,20,20ms30,,20.0,α=100,201,Ra,
202Frm,3359,6,286ms13,,3359.0,α≈100;IT=?;β+?,202,Fr,m
202Fr,3102,6,372ms12,,3102.0,,202,Fr,r
202Ra,9075,15,4.1ms1.1,0+,9075.0,α=100,202,Ra,
203Frm,1237,7,43ms4,1/2+,1237.0,IT=804;α=204,203,Fr,m
203Frn,1302,6,,13/2+,1302.0,IT=100,203,Fr,n
203Fr,876,6,550ms10,,876.0,,203,Fr,r
203Ram,8848,10,25ms5,13/2+,8848.0,,203,Ra,m
203Ra,8601,10,36ms13,,8601.0,,203,Ra,
204Frm,658,25,,,658.0,α=902;β+?,204,Fr,m
204Frn,934,25,,,934.0,α=5310;IT=4710,204,Fr,n
204Fr,607,25,,,607.0,α=962;β+?,204,Fr,r
204Ra,6061,9,60ms9,0+,6061.0,,204,Ra,
205Ac,14110,60,80ms60,,60.0,,205,Ac,
205Ram,6067,11,180ms50,13/2+,6067.0,,205,Ra,m
205Ra,5804,23,220ms50,,5804.0,,205,Ra,
206Acm,13690,30,41ms16,,30.0,,206,Ac,m
206Ac,13480,70,25ms7,3+,70.0,,206,Ac,
206Ra,3566,18,240ms20,0+,3566.0,,206,Ra,
207Ac,11150,60,31ms8,,60.0,,207,Ac,
207Ram,4071,10,57ms8,13/2+,4071.0,IT=85#;α=?;β+?,207,Ra,m
207Ra,3510,60,,,3510.0,,207,Ra,
208Acm,11258,28,28ms7,,28.0,,208,Ac,m
208Ac,10760,60,97ms15,3+,60.0,,208,Ac,
208Ram,3875,9,,,3875.0,IT=100,208,Ra,m
208Ra,1728,9,,0+,1728.0,α=873;β+?,208,Ra,
208Th,16690,30,2.4ms1.2,0+,30.0,,208,Th,
209Ac,8840,60,94ms10,,8840.0,,209,Ac,
209Frm,878,12,,,878.0,IT=100,209,Fr,m
209Ram,2740,6,,13/2+,2740.0,,209,Ra,m
209Ra,1858,6,,,1858.0,,209,Ra,
209Thm,16765,25,3.1ms1.2,13/2+,25.0,,209,Th,m
209Th,16400#,100#,,,,,209,Th,
210Ac,8760,60,350ms40,,8760.0,,210,Ac,
210Au,2680#,400#,>300ns,,2010.0,,210,Au,u
210Frm,1073,13,,(23)+,1073.0,IT=100,210,Fr,m
210Ram,2494,9,,8+,2494.0,IT=100,210,Ra,m
210Ra,443,9,,0+,443.0,,210,Ra,
210Th,14060,19,16.0ms3.6,0+,19.0,,210,Th,
211Ac,7140,50,213ms25,,7140.0,,211,Ac,
211Frn,517,12,,,517.0,IT=100,211,Fr,n
211Pa,22050,70,6ms3,,70.0,,211,Pa,
211Ram,2030,5,,13/2+,2030.0,IT=100,211,Ra,m
211Ra,832,5,,,832.0,,211,Ra,
211Rnn,150#,21#,,,201.0,IT=100,211,Rn,n
211Th,13880,90,48ms20,,90.0,,211,Th,
212Ac,7300,22,895ms28,,7300.0,,212,Ac,
212Frp,2339,9,,,2339.0,IT=100,212,Fr,p
212Frq,5017,9,,,5017.0,IT=100,212,Fr,q
212Hg,3020#,300#,>300ns,0+,2010.0,,212,Hg,
212Pa,21600,90,5.8ms1.9,,90.0,α=100,212,Pa,
212Ram,1759,10,,8+,1759.0,IT=100,212,Ra,m
212Ran,2414,10,,,2414.0,IT=100,212,Ra,n
212Th,12111,10,31.7ms1.3,0+,10.0,,212,Th,
213Ac,6141,12,738ms16,,6141.0,,213,Ac,
213Frp,4541,5,,,4541.0,IT=100,213,Fr,p
213Hg,8200#,300#,>300ns,,2010.0,,213,Hg,
213Pa,19650,60,7.4ms2.4,,60.0,α=100,213,Pa,
213Ram,2114,11,2.20ms0.05,,2114.0,IT≈99;α=0.64,213,Ra,m
213Ra,346,10,,,346.0,α=872;β+=132,213,Ra,
213Rnp,269,14,,,269.0,IT=100,213,Rn,p
213Thm,13300,9,,(13/2)+,,IT=100,213,Th,m
213Thp,12380#,50#,,,,,213,Th,p
213Th,12120,9,144ms21,,7.0,,213,Th,
213Tlm,2460#,300#,,,,IT=100,213,Tl,m
213Tln,3030#,100#,,,,IT=100,213,Tl,n
213Tl,1784,27,,,1784.0,β−=100;β−n=7.634,213,Tl,
214Ac,6433,14,,,6433.0,α=934;β+=74,214,Ac,
214Frp,5620#,100#,,,108.0,IT=100,214,Fr,p
214Hg,11770#,400#,>300ns,0+,2010.0,,214,Hg,
214Pa,19460,80,17ms3,,80.0,,214,Pa,
214Pbm,1237,20,,,1237.0,IT=100,214,Pb,m
214Ram,1913,5,,6+,1913.0,IT=100,214,Ra,m
214Ran,1958,5,,8+,1958.0,IT=99.917;α=0.097,214,Ra,n
214Rap,2776,5,,,2776.0,IT=100,214,Ra,p
214Raq,3571,5,,14+,3571.0,IT=100,214,Ra,q
214Rar,4240,5,,,4240.0,IT=100,214,Ra,r
214Rax,6670,5,,,6670.0,IT=100,214,Ra,x
214Ra,93,5,,0+,93.0,α=99.9414;β+=0.0594,214,Ra,
214Rnm,275,9,,,275.0,IT=100,214,Rn,m
214Thm,12876,11,,,11.0,IT=100,214,Th,m
214Th,10695,11,87ms10,0+,11.0,,214,Th,
214Tl,6470#,200#,,,2010.0,β−=100;β−n=3412,214,Tl,
215Acm,7827,12,,,7827.0,IT=100,215,Ac,m
215Acn,8520#,50#,,,335.0,IT=100,215,Ac,n
215Ac,6031,12,171ms10,,6031.0,α≈100;β+=0.092,215,Ac,
215Bi,1629,6,,,1629.0,β−=100,215,Bi,i
215Bim,2996#,21#,,,13.0,IT=76.95;β−=23.15,215,Bi,m
215Fr,318,7,,,318.0,α=100,215,Fr,r
215Hg,17110#,400#,600#ms>300ns,,2010.0,,215,Hg,
215Pa,17800,80,14ms2,,80.0,α=100,215,Pa,
215Pb,4340,50,,,4340.0,β−=100,215,Pb,
215Ram,4410,7,,,4410.0,IT=100,215,Ra,m
215Ran,4779,7,,,4779.0,IT=100,215,Ra,n
215Rap,6340#,50#,,,555.0,IT=100,215,Ra,p
215Ra,2532,7,1.669ms0.009,,2532.0,α=100,215,Ra,
215Thm,12390#,50#,,,770.0,IT=100,215,Th,m
215Th,10921,6,,,1968.0,α=100,215,Th,
215Tl,10030#,300#,,,2010.0,β−=100;β−n=4.646,215,Tl,
215U,24890,100,1.4ms0.9,,100.0,α=?;β+?,215,U,
216Acm,8188,10,,,8188.0,α=100;β+?,216,Ac,m
216Acn,8570#,100#,,,7.0,IT=100,216,Ac,n
216Ac,8150,9,,,8150.0,α=100;β+?,216,Ac,
216Atm,2417,10,,,2417.0,α=100,216,At,m
216At,2257,4,,,2257.0,,216,At,t
216Bi,5874,11,,,5874.0,β−=100,216,Bi,i
216Bim,5898,15,,,5898.0,β−=100,216,Bi,m
216Frm,3190,6,,,3190.0,,216,Fr,m
216Fr,2971,4,,,2971.0,α=100;β+?,216,Fr,r
216Hg,20920#,400#,>300ns,0+,2010.0,,216,Hg,
216Pa,17824,25,105ms12,,25.0,,216,Pa,
216Pbm,9020#,200#,,,1514.0,IT=100,216,Pb,m
216Pb,7510#,200#,,0+,2010.0,β−=100,216,Pb,
216Po,1782.3,1.8,144.0ms0.6,0+,1910.0,α=100;2β−?,216,Po,o
216Ra,3291,8,,0+,3291.0,α=100;ε<1e-8,216,Ra,
216Rn,253,6,,0+,253.0,α=100,216,Rn,n
216Thm,12340,12,,8+,12.0,IT=97.29;α=2.89,216,Th,m
216Thn,12947,14,,,14.0,IT=100,216,Th,n
216Thp,13981,14,,,14.0,IT=100,216,Th,p
216Th,10299,11,26.28ms0.16,0+,11.0,,216,Th,
216Tl,14870#,300#,,,2010.0,β−=100;β−n<11.5,216,Tl,
216U,23066,28,6.9ms2.9,0+,28.0,α=100,216,U,
216Um,25320,30,1.4ms0.9,,30.0,α=100,216,Um,m
217Acm,10715,18,,29/2+,18.0,IT=95.491810;α=4.5118,217,Ac,m
217Ac,8702,11,,,8702.0,,217,Ac,
217At,4395,5,32.6ms0.3,,4395.0,α=99.9922;β−=0.0082,217,At,t
217Bi,8730,18,,,8730.0,β−=100,217,Bi,i
217Bim,10221,27,,,27.0,IT=100,217,Bi,m
217Fr,4315,7,,,4315.0,α=100,217,Fr,r
217Pam,18915,13,1.08ms0.03,,13.0,α=734;IT?,217,Pa,m
217Pa,17055,12,3.8ms0.2,,12.0,α=100;β−?,217,Pa,
217Pb,12260#,300#,,,2010.0,β−=100,217,Pb,
217Po,5883,7,,,5883.0,α=97.514;β−=2.514,217,Po,o
217Ra,5890,7,,,5890.0,α=100,217,Ra,
217Rn,3659,4,,9/2+,3659.0,α=100,217,Rn,n
217Thm,12879,11,,,11.0,IT=100,217,Th,m
217Thn,14510,30,,,30.0,IT=100,217,Th,n
217Th,12206,11,,,11.0,α=100,217,Th,
217Tl,18660#,400#,>300ns,,2010.0,,217,Tl,
217U,22970#,80#,,,850.0,,217,U,
218Acm,10900,90,,,90.0,,218,Ac,m
218Acn,11460#,110#,,,103.0,IT=100,218,Ac,n
218Ac,10850,60,,,60.0,α=100,218,Ac,
218At,8100,12,,,8100.0,,218,At,t
218Bi,13216,27,,,27.0,β−=100,218,Bi,i
218Frm,7147,5,21.9ms0.5,,7147.0,,218,Fr,m
218Fr,7059,4,1.4ms0.5,,7059.0,α=100,218,Fr,r
218Pam,18731,20,,,20.0,α=100,218,Pa,m
218Pa,18650,18,,,18.0,α=100,218,Pa,
218Pb,15630#,300#,,0+,2009.0,β−=100,218,Pb,
218Po,8356.7,2.0,,0+,19.0,α=99.9802;β−=0.0202,218,Po,o
218Ra,6646,10,,0+,6646.0,α=100,218,Ra,
218Rn,5217.4,2.3,33.75ms0.15,0+,19.0,α=100,218,Rn,n
218Th,12367,11,,0+,11.0,α=100,218,Th,
218Tl,23710#,400#,,,,,218,Tl,
218U,21895,14,,0+,14.0,α=100,218,U,
218Um,24004,18,,,18.0,α≈100;IT=?,218,Um,m
219Ac,11570,50,,,50.0,α=100;β+?,219,Ac,
219At,10396,3,,,56.0,α=93.610;β−=6.410,219,At,t
219Bi,16320#,200#,,,2009.0,β−=100;β−n?,219,Bi,i
219Fr,8617,7,22.5ms1.7,,8617.0,α=100,219,Fr,r
219Np,29440,90,,,90.0,α=100,219,Np,p
219Pa,18580,70,,,70.0,α=100;β+?,219,Pa,
219Pb,20620#,400#,>300ns,,2009.0,,219,Pb,
219Po,12681,16,,,16.0,β−=71.820;α=28.220,219,Po,o
219Ram,9411,7,10ms3,(11/2)+,9411.0,,219,Ra,m
219Ra,9394,7,9ms2,(7/2)+,9394.0,α=100,219,Ra,
219Rn,8829.3,2.1,,,1.0,α=100,219,Rn,n
219Th,14460,60,,,60.0,α=100;β+?,219,Th,
219U,23296,13,,,13.0,α=100;β+?,219,U,
220Ac,13744,6,26.36ms0.19,,1970.0,α=100;β+?,220,Ac,
220At,14376,14,,,14.0,β−=922;α=82,220,At,t
220Bi,20960#,300#,,,2010.0,β−=100;β−n?,220,Bi,i
220Fr,11482,4,,,11.0,α≈100;β−=0.355,220,Fr,r
220Np,30480,30,,,30.0,α=100,220,Np,p
220Pam,20304,22,,,22.0,α=100,220,Pa,m
220Pan,20570,50,,,50.0,α=100,220,Pa,n
220Pa,20278,15,,,15.0,α=100;β+?,220,Pa,
220Pb,24130#,400#,>300ns,0+,2010.0,,220,Pb,
220Po,15263,18,>300ns,0+,18.0,,220,Po,o
220Ra,10272,8,18.1ms1.2,0+,1949.0,α=100,220,Ra,
220Rn,10612.0,1.8,,0+,11.0,α=100;2β−?,220,Rn,n
220Th,14690,14,,0+,14.0,α=100;ε?,220,Th,
220U,23010#,100#,,0+,,,220,U,
221Ac,14530,60,52ms2,,60.0,α=100,221,Ac,
221At,16783,14,,,14.0,β−=100,221,At,t
221Bi,24200#,300#,>300ns,,2009.0,,221,Bi,i
221Fr,13277,5,,,1947.0,α≈100;β−=0.004815;,221,Fr,r
221Np,29910#,200#,,,,,221,Np,p
221Pa,20370,60,,,60.0,α=100,221,Pa,
221Po,19774,20,,,20.0,β−=100,221,Po,o
221Pu,35930#,300#,,,,,221,Pu,u
221Ra,12964,5,,,25.0,α=100;14C=1.2e-109,221,Ra,
221Rn,14471,6,,,1956.0,β−=781;α=221,221,Rn,n
221Th,16940,8,1.75ms0.02,,1970.0,α=100,221,Th,
221U,24520,70,,,70.0,,221,U,
222Acm,16700,21,,,21.0,,222,Ac,m
222Ac,16622,5,,,11.0,α=991;β+=11,222,Ac,
222At,20953,16,,,16.0,β−=100,222,At,t
222Bi,28950#,300#,>300ns,,2009.0,,222,Bi,i
222Fr,16378,7,,,11.0,β−=100,222,Fr,r
222Np,31270,40,,,40.0,α=100,222,Np,p
222Pa,22060,90,3.8ms0.2,,90.0,α=100,222,Pa,
222Po,22490,40,,0+,40.0,β−=100,222,Po,o
222Pu,35060#,300#,,0+,,,222,Pu,u
222Ra,14320,4,,0+,1948.0,α=100;14C=3.0e-810,222,Ra,
222Rn,16372.0,1.9,,0+,1899.0,α=100,222,Rn,n
222Th,17203,10,2.24ms0.03,0+,10.0,α=100;ε?,222,Th,
222U,24270,50,,0+,50.0,α=100;β+?,222,U,
223Ac,17825,7,,,1.0,,223,Ac,
223Am,42700#,300#,10ms9,,2015.0,,223,Am,m
223At,23428,14,,,14.0,,223,At,t
223Bi,32240#,400#,>300ns,,2009.0,,223,Bi,i
223Fr,18382.3,1.9,,,1.0,β−≈100;α=0.006,223,Fr,r
223Np,30660,80,,,80.0,α=100,223,Np,p
223Pa,22340,80,5.3ms0.3,,80.0,α=100;β+?,223,Pa,
223Po,27080#,200#,>300ns,,2010.0,,223,Po,o
223Pu,36120#,300#,,,,,223,Pu,u
223Ra,17233.2,2.1,,,1905.0,α=100;14C=8.9e-84,223,Ra,
223Rn,20390,8,,,1.0,β−=100;α?,223,Rn,n
223Th,19385,8,600ms20,(5/2)+,1.0,α=100,223,Th,
223U,26050,60,,,60.0,α=100;β+?,223,U,
224Ac,20234,4,,,15.0,β+=90.517;α=9.517;β−?,224,Ac,
224Am,43260#,400#,,,,,224,Am,m
224At,27711,22,,,22.0,β−=100,224,At,t
224Bi,37070#,400#,>300ns,,2010.0,,224,Bi,i
224Fr,21749,11,,,11.0,β−=100,224,Fr,r
224Frx,21850#,100#,,,,,224,Fr,x
224Np,32032,29,,,29.0,α=100,224,Np,p
224Pa,23862,8,844ms19,,15.0,,224,Pa,
224Po,29910#,200#,m>300ns,0+,2010.0,,224,Po,o
224Pu,35280#,300#,,0+,,,224,Pu,u
224Ra,18825.8,1.8,,0+,1902.0,α=100;14C=4.0e-912,224,Ra,
224Rn,22445,10,,0+,10.0,β−=100,224,Rn,n
224Th,19996,10,,0+,10.0,α=100;2β+?,224,Th,
224U,25743,15,,0+,15.0,α=100;β+?,224,U,
225Ac,21637,5,,,1947.0,α=100;14C=5.3e-1013,225,Ac,
225Am,42390#,400#,,,,,225,Am,m
225At,30300#,300#,>300ns,,2010.0,,225,At,t
225Fr,23821,12,,,12.0,β−=100,225,Fr,r
225Np,31620,90,6.5ms3.5,,90.0,α=100;β+?,225,Np,p
225Pa,24360,80,,,80.0,α=100,225,Pa,
225Po,34580#,300#,>300ns,,2010.0,,225,Po,o
225Pu,36300#,300#,,,,,225,Pu,u
225Ra,21993.0,2.6,,,1947.0,β−=100,225,Ra,
225Rn,26534,11,,,11.0,β−=100,225,Rn,n
225Th,22310,5,,3/2+,1949.0,,225,Th,
225U,27372,10,62ms4,,10.0,α=100,225,U,
226Ac,24309,3,,,96.0,β−=833;ε=173;,226,Ac,
226Am,42970#,300#,,,,,226,Am,m
226At,34660#,300#,m>300ns,,2010.0,,226,At,t
226Fr,27521,6,,,1969.0,β−=100,226,Fr,r
226Np,32820,100,35ms10,,100.0,α=100;β+?,226,Np,p
226Pa,26034,11,,,11.0,α=745;β+=265,226,Pa,
226Po,37550#,400#,m>300ns,0+,2010.0,,226,Po,o
226Pu,35630#,200#,,0+,,,226,Pu,u
226Ra,23667.6,1.9,,0+,1898.0,α=100;14C=2.6e-96;2β−?,226,Ra,
226Rn,28747,10,,0+,10.0,β−=100,226,Rn,n
226Th,23198,4,,0+,1948.0,α=100;18O<3.2e-12,226,Th,
226U,27329,11,269ms6,0+,11.0,α=100,226,U,
227Ac,25849.5,1.9,,,16.0,β−=98.6236;α=1.3836,227,Ac,
227Am,42180#,200#,,,,,227,Am,m
227At,37430#,300#,>300ns,,16.0,,227,At,t
227Fr,29682,6,,,16.0,β−=100,227,Fr,r
227Np,32580,80,510ms60,,80.0,,227,Np,p
227Pa,26830,7,,,16.0,α=852;ε=152,227,Pa,
227Po,42280#,400#,>300ns,,16.0,,227,Po,o
227Pu,36770#,100#,,,,,227,Pu,u
227Ra,27177.5,1.9,,,16.0,β−=100,227,Ra,
227Rn,32886,14,,,14.0,β−=100,227,Rn,n
227Th,25804.8,2.1,,,1906.0,α=100,227,Th,
227U,29045,9,,,16.0,α=100;β+?,227,U,
228Acm,29430,30,,,30.0,,228,Ac,m
228Ac,28894.7,2.1,,,14.0,β−=100,228,Ac,
228Am,42850#,200#,,,,,228,Am,m
228At,41880#,400#,m>300ns,,2010.0,,228,At,t
228Frm,34390,30,,,30.0,,228,Fr,m
228Fr,33384,7,,,38.0,β−=100,228,Fr,r
228Np,33830#,100#,,,1994.0,ε=597;α=417;,228,Np,p
228Pa,28924,4,,3+,22.0,β+=98.1517;α=1.8517,228,Pa,
228Pu,36108,23,,0+,23.0,,228,Pu,u
228Ra,28940.2,2.0,,0+,14.0,β−=100,228,Ra,
228Rn,35243,18,,0+,18.0,β−=100,228,Rn,n
228Th,26770.9,1.8,,0+,1905.0,α=100;20O=1.13e-1122,228,Th,
228U,29220,13,,0+,13.0,α=97.51.4;ε=2.514,228,U,
229Ac,30690,12,,3/2+,12.0,β−=100,229,Ac,
229Am,42180,110,,,110.0,,229,Am,m
229Amp,42440#,230#,,,,,229,Am,p
229At,44890#,400#,>300ns,,2010.0,,229,At,t
229Fr,35668,5,,,1975.0,β−=100,229,Fr,r
229Np,33800,100,,,100.0,α=6811;β+?,229,Np,p
229Npp,33960#,110#,,,,,229,Np,p
229Pam,29909,3,,,420.0,IT=100,229,Pa,m
229Pa,29897,3,,5/2+,1949.0,ε=99.515;α=0.495,229,Pa,
229Pu,37390,60,,,60.0,,229,Pu,u
229Ra,32562,15,,,15.0,β−=100,229,Ra,
229Rn,39362,13,,,13.0,β−=100,229,Rn,n
229Thm,29585.5,2.4,,,1994.0,IT=100,229,Th,m
229Th,29585.5,2.4,,,1947.0,α=100,229,Th,
229U,31211,6,,3/2+,1949.0,,229,U,
230Ac,33838,16,,,16.0,β−=100;β−SF=1.2e-64,230,Ac,
230Am,42870#,140#,,,40.0,,230,Am,m
230Fr,39487,7,,,12.0,β−=100,230,Fr,r
230Np,35240,60,,,60.0,,230,Np,p
230Pa,32174,3,,,14.0,β+=92.27;β−=7.87;,230,Pa,
230Pu,36932,14,,0+,14.0,,230,Pu,u
230Ra,34516,10,,0+,10.0,β−=100,230,Ra,
230Rn,42170#,200#,>300ns,0+,2010.0,,230,Rn,n
230Th,30862.5,1.2,,0+,12.0,IS=0.022;α=100;SF<4e-12;,230,Th,
230U,31615,5,,0+,1948.0,α=100;22Ne=4.8e-1220;,230,U,
231Ac,35763,13,,1/2+,13.0,β−=100,231,Ac,
231Am,42410#,300#,,,,,231,Am,m
231Cm,47270#,300#,,,,,231,Cm,m
231Fr,42081,8,,,1985.0,β−=100,231,Fr,r
231Np,35620,50,,,50.0,β+=981;α=21,231,Np,p
231Pa,33424.3,1.8,,,1918.0,IS=100;α=100;SF<3e-10;,231,Pa,
231Pu,38309,22,,,22.0,β+?;α=135,231,Pu,u
231Ram,38282,11,,,11.0,IT=100,231,Ra,m
231Ra,38216,11,,,11.0,β−=100,231,Ra,
231Rn,46550#,300#,>300ns,,2010.0,,231,Rn,n
231Th,33815.8,1.2,,5/2+,13.0,β−=100,231,Th,
231U,33806.0,2.7,,,13.0,ε≈100;α=0.0041,231,U,
232Ac,39154,13,,,13.0,β−=100,232,Ac,
232Am,43420#,300#,,,1967.0,β+≈97;α?;β+SF=0.06910,232,Am,m
232Cm,46330#,200#,,0+,,,232,Cm,m
232Fr,46073,14,,,14.0,β−=100;β−SF?,232,Fr,r
232Np,37360#,100#,,,6.0,,232,Np,p
232Pa,35947,8,,,6.0,,232,Pa,
232Pu,38361,17,,0+,17.0,ε=?;α<20,232,Pu,u
232Ra,40497,9,,0+,1983.0,β−=100,232,Ra,
232Th,35446.7,1.4,14.0Gy0.1,0+,1898.0,IS=99.982;α=100;,232,Th,
232U,34609.4,1.8,,0+,6.0,α=100;24Ne=8.9e-107;,232,U,
233Ac,41308,13,,,13.0,β−=100,233,Ac,
233Am,43290#,110#,,,2000.0,β+?;α=4.59,233,Am,m
233Bk,52770#,230#,,,40.0,,233,Bk,
233Cm,47290,80,,,80.0,α=2010;β+=8010,233,Cm,m
233Fr,48920,20,900ms100,,20.0,β−=100;β−n?,233,Fr,r
233Np,37950,50,,,50.0,,233,Np,p
233Npp,38000#,60#,,,,,233,Np,p
233Pa,37489.4,1.3,,,20.0,β−=100,233,Pa,
233Pu,40050,50,,,50.0,β+≈100;α=0.125,233,Pu,u
233Ra,44334,9,,,30.0,β−=100,233,Ra,
233Thm,38737.7,1.4,,,,,233,Th,m
233Th,38731.6,1.4,,1/2+,20.0,β−=100,233,Th,
233U,36919.1,2.3,,,20.0,α=100;SF<6e-11;,233,U,
234Acm,44980,30,,,30.0,,234,Ac,m
234Acn,45460,30,,,30.0,,234,Ac,n
234Ac,44841,14,,,14.0,β−=100,234,Ac,
234Am,44460#,160#,,,1967.0,β+≈100;α=0.03912;,234,Am,m
234Bk,53400#,150#,,,20.0,,234,Bk,
234Cm,46722,17,,0+,17.0,,234,Cm,m
234Np,39955,8,,,7.0,β+=100,234,Np,p
234Pam,40417.9,2.8,,,79.0,β−≈100;IT=0.164,234,Pa,m
234Pa,40339,4,,4+,7.0,β−=100,234,Pa,
234Pu,40350,7,,0+,7.0,,234,Pu,u
234Ra,46931,8,,0+,30.0,β−=100;β−SF?,234,Ra,
234Th,40613.0,2.6,,0+,1900.0,β−=100;α?,234,Th,
234U,38145.0,1.1,,0+,7.0,IS=0.00545;α=100;,234,U,
234Um,39566.3,1.1,,,7.0,IT=100,234,Um,m
235Ac,47357,14,,,14.0,β−=100,235,Ac,
235Am,44620,50,,,50.0,β+=99.605;α=0.405,235,Am,m
235Bk,52770#,400#,,,,,235,Bk,
235Cm,48010#,100#,,,1981.0,β+?;α=43,235,Cm,m
235Np,41043.0,1.4,,5/2+,14.0,ε=99.9974013;;,235,Np,p
235Pa,42289,14,,,14.0,β−=100,235,Pa,
235Pu,42182,21,,,21.0,β+=99.99727;α=0.00287,235,Pu,u
235Ra,51130#,300#,,,,,235,Ra,
235Th,44018,13,,,13.0,β−=100,235,Th,
235U,40918.8,1.1,704My1,,14.0,IS=0.72046;α=100;,235,U,
235Um,40918.9,1.1,,1/2+,1966.0,IT=100,235,Um,m
235Un,43420,300,3.6ms1.8,,300.0,,235,Un,n
236Ac,51220,40,,,40.0,β−=100,236,Ac,
236Am,46040#,120#,,,1998.0,β+≈100;α=4.0e-31,236,Am,m
236Amm,46090#,130#,,,6.0,,236,Am,m
236Bk,53540#,360#,,,26.0,β+≈100;α?;β+SF=0.042,236,Bk,
236Cm,47853,18,,0+,18.0,β+=822;α=182;SF?,236,Cm,m
236Npm,43438,7,,,60.0,ε=503;β−=503,236,Np,m
236Np,43380,50,,,50.0,ε=86.38;β−=13.58;,236,Np,p
236Npp,43616,14,,,14.0,,236,Np,p
236Pa,45334,14,,,14.0,β−=100;β−SF=6e-84,236,Pa,
236Pum,44087.0,1.8,,,6.0,IT=100,236,Pu,m
236Pu,42901.5,1.8,,0+,1949.0,α=100;SF=1.9e-74;,236,Pu,u
236Th,46255,14,,0+,14.0,β−=100,236,Th,
236U,42444.6,1.1,23.42My0.04,0+,6.0,α=100;SF=9.4e-84,236,U,
236Um,43497.1,1.3,,,100.0,IT=100,236,Um,m
236Un,45195,3,,,2750.0,IT=876;SF=136;α?,236,Un,n
237Ac,54020#,400#,,,,,237,Ac,
237Am,46570#,60#,,,6.0,β+=99.9753;α=0.0253,237,Am,m
237Bk,53210#,230#,,,,,237,Bk,
237Cf,57940,100,,,100.0,α=7010;SF=3010;β+?,237,Cf,
237Cm,49250,70,,,70.0,β+?;α=?,237,Cm,m
237Cmp,49450#,170#,,,,,237,Cm,p
237Npm,45816.8,1.1,,,710.0,IT=100,237,Np,m
237Np,44871.6,1.1,2.144My0.007,,1948.0,α=100;SF<2e-10;,237,Np,p
237Pa,47528,13,,1/2+,13.0,β−=100,237,Pa,
237Pum,45237.2,1.7,180ms20,1/2+,6.0,IT=100,237,Pu,m
237Pun,47990,250,,,250.0,,237,Pu,n
237Pu,45091.7,1.7,,,6.0,ε=99.99584;α=0.00424,237,Pu,u
237Th,49955,16,,,16.0,β−=100,237,Th,
237U,45390.1,1.2,,1/2+,6.0,β−=100,237,U,
237Um,45664.1,1.6,,,155.0,IT=100,237,Um,m
238Am,48420,60,,1+,60.0,β+=100;α=1.0e-44,238,Am,m
238Amm,50920#,210#,,,35.0,,238,Am,m
238Bk,54220#,260#,,,1994.0,β+≈100;α?;β+SF=0.0482,238,Bk,
238Cf,57280#,300#,21.1ms1.3,0+,1995.0,SF=97.514;α=2.514,238,Cf,
238Cm,49445,12,,0+,12.0,ε?;α=3.8418;,238,Cm,m
238Npm,49760#,200#,,,112.0,,238,Np,m
238Np,47454.6,1.1,,,15.0,β−=100,238,Np,p
238Pa,50894,16,,,16.0,β−=100;β−SF<2.6e-6,238,Pa,
238Pu,46163.1,1.1,,0+,1949.0,α=100;SF=1.9e-71;,238,Pu,u
238Th,52530#,280#,,0+,15.0,β−=100,238,Th,
238U,47307.7,1.5,4.463Gy0.003,0+,1896.0,IS=99.274210;α=100;,238,U,
238Um,49865.6,1.6,,0+,280.0,IT=97.44;SF=2.64,238,Um,m
239Am,49390.4,2.0,,,14.0,ε=99.9901;α=0.0101,239,Am,m
239Amm,51890,200,,,200.0,,239,Am,m
239Bkp,54290#,210#,,,41.0,,239,Bk,p
239Bk,54250#,210#,,,1989.0,,239,Bk,
239Cf,58200#,120#,,,28.0,α=653;β+?,239,Cf,
239Cm,51150,150,,,150.0,β+≈100;α=6.2e-314,239,Cm,m
239Cmp,51390#,180#,,1/2+,,,239,Cm,p
239Es,63630#,300#,,,,,239,Es,s
239Np,49311.0,1.3,,,14.0,β−=100;α?,239,Np,p
239Pa,53340#,200#,,,14.0,β−=100,239,Pa,
239Pum,48979.8,1.1,,,193.0,IT=100,239,Pu,m
239Pun,51690,200,,,200.0,,239,Pu,n
239Pu,48588.2,1.1,,,14.0,α=100;SF=3.1e-106,239,Pu,u
239Th,56500#,400#,,,,,239,Th,
239U,50572.7,1.5,,5/2+,14.0,β−=100,239,U,
239Um,50706.5,1.5,,1/2+,780.0,IT=100,239,Um,m
239Un,53070#,900#,,,1994.0,,239,Un,n
240Am,51510,14,,,14.0,β+=100;α≈1.9e-47,240,Am,m
240Amm,54510,200,,,200.0,,240,Am,m
240Bkp,55900#,180#,,,,,240,Bk,p
240Bk,55660#,150#,,,1980.0,β+?;α?;β+SF=0.002013,240,Bk,
240Cf,57989,18,,0+,18.0,α=98.52;SF=1.52;β+?,240,Cf,
240Cm,51724.2,1.9,,0+,1949.0,α≈100;ε?;SF=3.9e-68,240,Cm,m
240Es,64230#,370#,,,2017.0,α=701;β+=301;,240,Es,s
240Npm,52334,13,,,13.0,β−=99.881;IT=0.121,240,Np,m
240Np,52316,17,,,17.0,β−=100,240,Np,p
240Pa,57010#,200#,,,,,240,Pa,
240Pum,51434.0,1.1,,,165.0,IT=100,240,Pu,m
240Pu,50125.3,1.1,,0+,1949.0,α=100;SF=5.796e-639;,240,Pu,u
240U,52715.5,2.6,,0+,8.0,β−=100;α?,240,U,
241Am,52934.3,1.1,,,15.0,α=100;SF=3.6e-109,241,Am,m
241Amm,55130,200,,,200.0,SF=100,241,Am,m
241Bkp,56030#,170#,,,51.0,,241,Bk,p
241Bk,55980#,170#,,,15.0,β+=?;α?,241,Bk,
241Cfp,59480#,200#,,,15.0,,241,Cf,p
241Cf,59330#,170#,,,1970.0,β+?;α=151,241,Cf,
241Cm,53701.8,1.6,,1/2+,15.0,ε=99.01;α=1.01,241,Cm,m
241Esp,64120#,250#,,,,,241,Es,p
241Es,63890#,230#,,,1996.0,,241,Es,s
241Fm,69220#,300#,,,730.0,SF=?;α<14;β+<12,241,Fm,m
241Np,54320,100,,,100.0,β−=100;α?,241,Np,p
241Pa,59740#,300#,,,,,241,Pa,
241Pum,53116.8,1.1,,1/2+,880.0,IT=100,241,Pu,m
241Pun,55160,200,,,200.0,SF=100,241,Pu,n
241Pu,52955.1,1.1,,,15.0,β−≈100;α=0.002458;,241,Pu,u
241U,56200#,200#,,,15.0,,241,U,
242Am,55468.0,1.1,,,2.0,β−=82.73;ε=17.33,242,Am,m
242Amm,55516.6,1.1,,,141.0,IT=99.552;α=0.452;,242,Am,m
242Amn,57670,80,14.0ms1.0,,80.0,SF≈100;IT=?,242,Am,n
242Bkm,59750#,240#,,,600.0,,242,Bk,m
242Bkp,57900,90,,,90.0,,242,Bk,p
242Bk,57750#,140#,,,1972.0,,242,Bk,
242Cf,59387,13,,0+,13.0,α=613;β+=393;SF<0.014,242,Cf,
242Cm,54803.7,1.1,,0+,2.0,α=100;SF=6.2e-63;,242,Cm,m
242Cmm,57600,100,,,100.0,,242,Cm,m
242Es,64800#,260#,,,1994.0,α=573;β+=433;,242,Es,s
242Fm,68400#,400#,,0+,800.0,,242,Fm,m
242Npm,57470#,210#,,,2.0,β−=100,242,Np,m
242Np,57420,200,,,200.0,β−=100,242,Np,p
242Pu,54716.9,1.2,,0+,375.0,α=100;SF=5.510e-441,242,Pu,u
242U,58620#,200#,,0+,2.0,β−=100,242,U,
243Am,57175.0,1.4,,,1950.0,α=100;SF=3.7e-99,243,Am,m
243Amm,59480,200,,,200.0,,243,Am,m
243Bkp,58710,19,,,19.0,,243,Bk,p
243Bk,58690,5,,,1950.0,,243,Bk,
243Cf,60990#,180#,,,1967.0,,243,Cf,
243Cm,57181.9,1.5,,,14.0,α≈100;ε=0.293;,243,Cm,m
243Cmm,57269.3,1.5,,1/2+,14.0,IT=100,243,Cm,m
243Cmp,57285,15,,,15.0,,243,Cm,p
243Esm,64800#,220#,,,,,243,Es,m
243Es,64750#,210#,,,,α=616;β+?;SF<1,243,Es,s
243Fm,69320#,130#,231ms9,,1981.0,α=913;SF=93;β+?,243,Fm,m
243Np,59810#,30#,,,14.0,β−=100,243,Np,p
243Npp,59926,10,,,10.0,,243,Np,p
243Pum,58138.2,2.5,,,330.0,IT=100,243,Pu,m
243Pu,57754.6,2.5,,7/2+,1951.0,β−=100,243,Pu,u
243U,62480#,300#,,,,,243,U,
244Am,59879.1,1.5,,,1950.0,β−=100,244,Am,m
244Amm,59968.4,1.4,,1+,1950.0,β−=99.963613;,244,Am,m
244Amn,61880#,200#,,,900.0,,244,Am,n
244Amp,62080#,200#,,,17.0,,244,Am,p
244Bkm,62210#,500#,,,820.0,,244,Bk,m
244Bkp,60850#,50#,,,,,244,Bk,p
244Bk,60714,14,,,14.0,β+?;α=0.0063,244,Bk,
244Cf,61478.1,2.6,,0+,1956.0,α=756;ε=256,244,Cf,
244Cm,58451.8,1.1,,0+,17.0,α=100;SF=1.37e-42,244,Cm,m
244Cmm,59492.0,1.1,34ms2,6+,17.0,IT=100,244,Cm,m
244Cmn,59550#,900#,,,17.0,,244,Cm,n
244Es,66030#,180#,,,37.0,β+=953;α=53;,244,Es,s
244Fm,68960#,200#,3.12ms0.08,0+,1967.0,,244,Fm,m
244Mdm,75800#,400#,,,,IT=?;β+?,244,Md,m
244Md,75600#,370#,,,,,244,Md,
244Np,63240#,100#,,,17.0,β−=100,244,Np,p
244Pum,61022.0,2.4,,,2016.0,IT=100,244,Pu,m
244Pu,59806.0,2.3,81.3My0.3,0+,17.0,α=99.8776;SF=0.1236;,244,Pu,u
245Am,61900.4,1.9,,5/2+,11.0,β−=100,245,Am,m
245Amm,64300#,400#,,,640.0,,245,Am,m
245Bkp,61860#,30#,,,,,245,Bk,p
245Bk,61813.8,1.8,,,11.0,ε=99.8810;α=0.121,245,Bk,
245Cfp,63442,5,,,57.0,IT=100,245,Cf,p
245Cf,63385.2,2.4,,1/2+,11.0,β+=64.725;α=35.325,245,Cf,
245Cm,61004.5,1.1,,,1954.0,α=100;SF=6.1e-79,245,Cm,m
245Cmm,61360.4,1.1,,1/2+,290.0,IT=100,245,Cm,m
245Esm,66350#,170#,,,11.0,,245,Es,m
245Esp,66600,160,,,160.0,IT=100,245,Es,p
245Esq,66640#,190#,,,,,245,Es,q
245Es,66320#,170#,,,1967.0,β+=516;α=496,245,Es,s
245Fm,70190#,200#,,,1967.0,,245,Fm,m
245Mdm,75430#,280#,0.90ms0.25,,1996.0,,245,Md,m
245Md,75330#,260#,,,1996.0,,245,Md,
245Np,65850#,200#,,,,,245,Np,p
245Pum,63443,14,,,14.0,IT=100,245,Pu,m
245Pun,65180,400,,,400.0,,245,Pu,n
245Pu,63178,14,,,14.0,β−=100,245,Pu,u
246Am,64994#,18#,,,39.0,β−=100,246,Am,m
246Amm,65024,15,,,15.0,,246,Am,m
246Amn,66990#,800#,,,73.0,,246,Am,n
246Bk,63970,60,,,60.0,,246,Bk,
246Cf,64090.2,1.5,,0+,11.0,α=100;SF=2.4e-44;ε?,246,Cf,
246Cm,62616.9,1.5,,0+,11.0,α=99.973857;,246,Cm,m
246Cmm,63796.6,1.5,,,,IT=100,246,Cm,m
246Esp,68010,100,,,100.0,,246,Es,p
246Esq,68200,90,,,90.0,,246,Es,q
246Es,67820,90,,,90.0,β+=90.118;α=9.918;,246,Es,s
246Fm,70191,14,,0+,14.0,α=93.26;SF=6.86;ε<1.3,246,Fm,m
246Mdm,76170#,260#,,,60.0,α=573;β+>77;β+SF>10;,246,Md,m
246Md,76120#,260#,,,1996.0,α=100,246,Md,
246Pu,65395,15,,0+,15.0,β−=100,246,Pu,u
247Am,67150#,100#,,,15.0,β−=100,247,Am,m
247Bk,65490,5,,,15.0,,247,Bk,
247Cf,66109,14,,,14.0,ε=99.9655;α=0.0355,247,Cf,
247Cm,65533,4,15.6My0.5,,15.0,α=100,247,Cm,m
247Cmm,65760,4,,5/2+,15.0,IT=100,247,Cm,m
247Cmn,65938,4,,1/2+,15.0,IT=100,247,Cm,n
247Esm,68630#,50#,,,,,247,Es,m
247Es,68578,19,,,19.0,,247,Es,s
247Fm,71670#,180#,,,31.0,,247,Fm,m
247Fmm,71720#,180#,,,49.0,α=882;β+?;IT?,247,Fm,m
247Mdm,76200#,210#,250ms40,,260.0,α=795;SF=215,247,Md,m
247Md,75940#,210#,,,,,247,Md,
247Pu,69210#,200#,,,15.0,β−=100,247,Pu,u
248Am,70560#,200#,,,14.0,,248,Am,m
248Bkm,68108,21,,,21.0,β−=705;ε=305;α?,248,Bk,m
248Bkp,68180#,70#,,,,,248,Bk,p
248Bk,68130,50,,,50.0,,248,Bk,
248Cf,67238,5,,0+,14.0,α≈100;SF=0.00293,248,Cf,
248Cm,67392.7,2.4,,0+,348.0,α=91.6116;SF=8.3916;,248,Cm,m
248Cmm,68850.8,2.6,,,146.0,IT=100,248,Cm,m
248Es,70300#,50#,,,24.0,,248,Es,s
248Fm,71898,8,,0+,14.0,α≈100;β+?;SF=0.105,248,Fm,m
248Fmm,73100#,100#,10.1ms0.6,,14.0,,248,Fm,m
248Md,76950#,180#,,,14.0,β+=8010;α=2010;,248,Md,
248No,80690#,220#,,0+,2003.0,,248,No,o
249Am,73100#,300#,,,,,249,Am,m
249Bkm,69855.1,1.2,,,300.0,IT=100,249,Bk,m
249Bk,69846.3,1.2,,,1954.0,β−≈100;α=0.001458;,249,Bk,
249Cfm,69867.7,1.2,,5/2+,45.0,IT=100,249,Cf,m
249Cf,69722.7,1.2,,,351.0,α=100;SF=5.0e-74,249,Cf,
249Cm,70750.7,2.4,,1/2+,11.0,β−=100,249,Cm,m
249Cmm,70799.5,2.4,,7/2+,23.0,α=100,249,Cm,m
249Es,71180#,30#,,7/2+,11.0,β+≈100;α=0.578,249,Es,s
249Fm,73519,6,,7/2+,1960.0,β+?;α=339,249,Fm,m
249Mdm,77280#,190#,,,,α=100,249,Md,m
249Md,77180,160,,,160.0,α=755;β+?,249,Md,
249No,81790#,280#,,,57.0,,249,No,o
250Bkm,72987.6,2.9,,4+,29.0,IT=100,250,Bk,m
250Bkn,73038,3,,7+,213.0,IT=100,250,Bk,n
250Bkp,73163.8,2.9,,2+,,IT=100,250,Bk,p
250Bk,72952.0,2.9,,,1.0,β−=100,250,Bk,
250Cf,71170.3,1.5,,0+,1.0,α=99.9233;SF=0.0773,250,Cf,
250Cm,72990,10,,0+,10.0,,250,Cm,m
250Esm,73430#,180#,,,1.0,,250,Es,m
250Es,73230#,100#,,,1.0,,250,Es,s
250Fm,74072,8,,0+,1954.0,α≈100;SF=0.006910;ε?,250,Fm,m
250Fmm,75271,8,,,,,250,Fm,m
250Mdm,78520,90,,,90.0,α=?;β+?;IT?,250,Md,m
250Md,78400,90,,,90.0,β+=93.08;α=7.08;,250,Md,
250Nom,82620#,280#,,,2001.0,SF≈100;IT=?;α?,250,No,m
250No,81570#,200#,,0+,2003.0,,250,No,o
251Bkm,75264,11,,,11.0,IT=100,251,Bk,m
251Bk,75228,11,,,11.0,β−=100,251,Bk,
251Cfm,74505,4,,,13.0,IT=100,251,Cf,m
251Cf,74135,4,,1/2+,898.0,,251,Cf,
251Cm,76648,23,,,23.0,β−=100,251,Cm,m
251Esm,74520,5,,,13.0,,251,Es,m
251Es,74512,5,,,33.0,ε=99.52;α=0.52,251,Es,s
251Fm,75959,14,,,14.0,β+=98.2013;α=1.8013,251,Fm,m
251Fmm,76159,14,,5/2+,14.0,IT=100,251,Fm,m
251Lr,87830#,200#,,,,,251,Lr,r
251Mdp,79020,18,,,18.0,,251,Md,p
251Md,78967,19,,,19.0,β+?;α=101,251,Md,
251Nom,82960#,180#,,,106.0,α=100,251,No,m
251Non,83980#,180#,,,,,251,No,n
251No,82850#,180#,800ms10,,1967.0,α=8316;β+?;SF<0.3,251,No,o
252Bk,78540#,200#,,,1988.0,β−=?;α?,252,Bk,
252Cf,76034.6,2.4,,0+,1954.0,α=96.897227;,252,Cf,
252Cm,79060#,300#,,0+,6.0,,252,Cm,m
252Es,77290,50,,,50.0,α=782;ε=222,252,Es,s
252Fm,76817,5,,0+,6.0,α≈100;SF=0.00232;2β+?,252,Fm,m
252Lrp,88710#,190#,,,170.0,,252,Lr,p
252Lr,88540#,190#,369ms75,,2001.0,,252,Lr,r
252Mdp,80550,80,,,80.0,,252,Md,p
252Md,80470,90,,,90.0,,252,Md,
252Nom,84125,9,109.1ms2.5,,2007.0,IT=100,252,No,m
252No,82871,9,,0+,1967.0,α=67.65;SF=31.34;,252,No,o
253Bk,80930#,360#,,,1991.0,,253,Bk,
253Cf,79302,4,,,13.0,β−=99.694;α=0.314,253,Cf,
253Esm,79117,4,,,106.0,,253,Es,m
253Es,79010.5,1.2,,,1954.0,α=100;SF=8.7e-63,253,Es,s
253Fm,79345.5,1.5,,1/2+,13.0,ε=881;α=121,253,Fm,m
253Fmm,79486,6,,,140.0,,253,Fm,m
253Fmn,79697,6,,,351.0,IT=100,253,Fm,n
253Lrm,88560#,190#,,,,α=9010;SF=123;β+?;,253,Lr,m
253Lr,88520,160,632ms46,,160.0,α=9010;SF=1.06;β+?,253,Lr,r
253Mdp,81230#,40#,,,60.0,,253,Md,p
253Md,81170#,30#,,,12.0,,253,Md,
253Nom,84527,7,,5/2+,1973.0,α=100,253,No,m
253Non,85560,110,,,110.0,IT=100,253,No,n
253No,84359,7,,,1967.0,α=553;β+?;SF?,253,No,o
253Nop,85620,110,,,110.0,IT=100,253,No,p
253Rfm,93840#,440#,,,52.0,,253,Rf,m
253Rf,93640#,410#,13ms5,,,,253,Rf,
254Bk,84390#,300#,,,19.0,,254,Bk,
254Cf,81341,11,,0+,11.0,SF=99.692;α=0.312;,254,Cf,
254Esm,82074.5,2.7,,,1954.0,β−=982;IT<3;α=0.321;,254,Es,m
254Es,81994.2,2.9,,7+,19.0,α≈100;ε?;β−=1.74e-48;,254,Es,s
254Fm,80902.5,1.8,,0+,19.0,α=99.94083;SF=0.05923,254,Fm,m
254Lrm,89750,90,,,90.0,α=?;β+?;IT?,254,Lr,m
254Lr,89650,90,,,90.0,α=71.719;β+=28.319;,254,Lr,r
254Mdm,83500#,140#,,,28.0,,254,Md,m
254Md,83450#,100#,,,10.0,,254,Md,
254Nom,86019,10,264.9ms1.4,,10.0,IT=100;SF=0.02012;,254,No,m
254Non,87940#,300#,,,184.0,IT=100;SF≤0.012,254,No,n
254No,84723,10,,0+,10.0,α=901;β+=101;SF=0.172,254,No,o
254Rfm,94500#,340#,,,,,254,Rf,m
254Rfn,95200#,570#,,,247.0,,254,Rf,n
254Rf,93200#,280#,,0+,1997.0,,254,Rf,
255Cf,84810#,200#,,,85.0,β−=100;SF?;α?,255,Cf,
255Dbm,99700#,300#,2.8ms,,1976.0,,255,Db,m
255Db,99600#,280#,54ms,,1976.0,,255,Db,
255Es,84089,11,,,11.0,β−=92.04;α=8.04;,255,Es,s
255Fm,83800,4,,7/2+,13.0,α=100;SF=2.4e-510,255,Fm,m
255Fmp,84031,4,,9/2+,13.0,IT=100,255,Fm,p
255Lrm,89988,19,,,19.0,,255,Lr,m
255Lrn,90743,22,,,22.0,,255,Lr,n
255Lrp,91412,22,1.78ms0.05,,22.0,,255,Lr,p
255Lr,89947,18,,,18.0,α=99.71;β+=0.31;SF?,255,Lr,r
255Mdp,84850#,70#,,,13.0,,255,Md,p
255Md,84842,6,,,27.0,β+=931;α=71;SF?,255,Md,
255Nom,87020#,100#,,,,,255,No,m
255No,86812,14,,,14.0,β+=705;α=305,255,No,o
255Nop,86910#,70#,,,,,255,No,p
255Rfm,94480#,180#,,,150.0,IT=100,255,Rf,m
255Rfn,95380#,200#,,,1050.0,IT=100,255,Rf,n
255Rfp,95630#,200#,,,1300.0,IT=100,255,Rf,p
255Rf,94330#,180#,,,1975.0,α=52.822;SF=47.222;,255,Rf,
256Cf,87040#,310#,,0+,17.0,SF=100;α?;2β−?,256,Cf,
256Db,100300#,190#,,,2001.0,α=7011;β+=3011;SF?,256,Db,
256Esm,87190#,140#,,,1981.0,β−=100,256,Es,m
256Es,87190#,100#,,,17.0,β−≈100;β−SF=0.002,256,Es,s
256Fm,85485,3,,0+,17.0,SF=91.93;α=8.13,256,Fm,m
256Lrp,91980#,90#,,,17.0,,256,Lr,p
256Lr,91750,80,,,80.0,α=8510;β+=1510;SF<0.03,256,Lr,r
256Mdm,87620,70,,,70.0,,256,Md,m
256Mdp,87700#,120#,,,,,256,Md,p
256Md,87460#,120#,,,17.0,β+=90.87;α=9.27;SF<3,256,Md,
256No,87823,8,,0+,17.0,α=99.455;SF=0.555;ε?,256,No,o
256Rfm,95340#,100#,,,25.0,IT=100;SF?,256,Rf,m
256Rfn,95620#,100#,,,17.0,IT=100;SF?,256,Rf,n
256Rfp,96620#,200#,,,27.0,IT=100;SF?,256,Rf,p
256Rf,94222,18,6.60ms0.05,0+,18.0,SF=99.6910;α=0.3110,256,Rf,
257Dbm,100290#,200#,670ms60,,1985.0,,257,Db,m
257Db,100150,160,,,160.0,,257,Db,
257Es,89400#,410#,,,13.0,β−=100;α?,257,Es,s
257Fm,88590,4,,9/2+,1964.0,α=99.7904;SF=0.2104,257,Fm,m
257Lrm,92770#,60#,,,2018.0,,257,Lr,m
257Lrp,92820#,110#,,,13.0,,257,Lr,p
257Lr,92670#,40#,,,1971.0,,257,Lr,r
257Md,88992.5,1.6,,,13.0,ε=853;α=153;SF?,257,Md,
257No,90247,6,,,1967.0,α=858;β+=158;SF?,257,No,o
257Nop,90550#,120#,,,,,257,No,p
257Rfm,95940,10,,,10.0,α=88.515;β+=11.515;,257,Rf,m
257Rfn,97022,10,,,10.0,IT=100,257,Rf,n
257Rf,95866,11,,,11.0,α=89.314;β+=9.414;,257,Rf,
258Dbm,101560,90,,,90.0,α=778;β+=238;SF?,258,Db,m
258Db,101510,90,,,90.0,α=6410;β+=3610,258,Db,
258Es,92700#,400#,,,,,258,Es,s
258Fm,90430#,200#,,0+,370.0,,258,Fm,m
258Lrp,95020#,140#,,,,,258,Lr,p
258Lr,94780#,100#,,,1971.0,α=97.418;β+=2.618,258,Lr,r
258Mdm,91690#,200#,,,1980.0,ε=8515;SF<15;β−?;,258,Md,m
258Md,91690,3,,,1970.0,,258,Md,
258No,91480#,100#,1.23ms0.12,0+,1989.0,,258,No,o
258Rfm,97540#,300#,3.4ms1.7,,,IT=?;α?;β+?,258,Rf,m
258Rfn,97840#,500#,,,15.0,,258,Rf,n
258Rf,96344,16,12.5ms0.5,0+,16.0,SF=95.116;α=4.916,258,Rf,
258Sg,105300#,410#,2.7ms0.5,0+,1997.0,,258,Sg,
259Db,101990,60,510ms160,,60.0,α=100,259,Db,
259Fm,93700#,280#,,,13.0,SF=100,259,Fm,m
259Lrp,96200#,170#,,,,,259,Lr,p
259Lr,95850#,70#,,,13.0,α=782;SF=222;β+?,259,Lr,r
259Md,93560#,100#,,,13.0,,259,Md,
259No,94079,6,,9/2+,58.0,α=754;ε=254;SF<10,259,No,o
259Nop,94310#,150#,,,,,259,No,p
259Rfp,98430#,100#,,,60.0,,259,Rf,p
259Rfq,98570#,110#,,,210.0,,259,Rf,q
259Rf,98370#,70#,,,1969.0,α=854;β+=154;SF<3,259,Rf,
259Sgm,106610#,180#,226ms27,,87.0,,259,Sg,m
259Sg,106520#,180#,402ms56,,,,259,Sg,
260Bh,113120#,200#,41ms14,,2008.0,,260,Bh,
260Dbp,103770#,180#,,,,,260,Db,p
260Db,103670#,90#,,,1970.0,α=90.46;SF=9.66;β+?,260,Db,
260Fm,95770#,440#,,0+,,,260,Fm,m
260Lr,98280#,130#,,,99.0,α=8020;β+=2020,260,Lr,r
260Md,96550#,320#,,,1989.0,,260,Md,
260No,95610#,200#,106ms8,0+,99.0,SF=100,260,No,o
260Rf,99150#,200#,21ms1,0+,1985.0,,260,Rf,
260Sg,106547,21,4.95ms0.33,0+,21.0,SF=713;α=293,260,Sg,
261Bh,113080,180,12.8ms3.2,,180.0,,261,Bh,
261Dbp,104590#,230#,,,,,261,Db,p
261Db,104310#,110#,,,1970.0,SF=7311;α=2711,261,Db,
261Lr,99560#,200#,,,39.0,,261,Lr,r
261Md,98580#,510#,,,,,261,Md,
261No,98460#,200#,,,,,261,No,o
261Rfm,101390#,120#,,,74.0,,261,Rf,m
261Rfp,101550#,120#,,,,,261,Rf,p
261Rf,101320,70,,,70.0,SF=824;α=184,261,Rf,
261Sgm,108110#,50#,,,2010.0,IT=100,261,Sg,m
261Sg,108005,18,183ms5,,18.0,α=98.14;β+=1.33;,261,Sg,
262Bhm,114470,110,9.5ms1.6,,110.0,,262,Bh,m
262Bh,114250,90,84ms11,,90.0,,262,Bh,
262Dbp,106300#,160#,,,,,262,Db,p
262Db,106250#,140#,,,34.0,SF=524;α=484;β+?,262,Db,
262Lr,102110#,200#,,,1.0,β+=?;SF<10;α?,262,Lr,r
262Md,101670#,450#,,,,,262,Md,
262No,100100#,360#,∼5ms,0+,1.0,SF=100;α?,262,No,o
262Rfm,103390#,460#,47ms5,,1978.0,SF=100,262,Rf,m
262Rf,102390#,220#,250ms100,0+,1985.0,,262,Rf,
262Sgp,109230,110,,,110.0,,262,Sg,p
262Sg,108369,22,10.3ms1.7,0+,22.0,SF=946;α?,262,Sg,
263Bh,114500#,310#,,,99.0,,263,Bh,
263Dbp,107370#,260#,,,,,263,Db,p
263Db,107110#,170#,,,29.0,SF=5614;α=3714;,263,Db,
263Hsm,120000#,200#,,,330.0,,263,Hs,m
263Hs,119680#,200#,0.9ms0.4,,2009.0,,263,Hs,s
263Lr,103670#,220#,,,,,263,Lr,r
263No,103130#,490#,,,,,263,No,o
263Rfp,105060#,250#,,,,,263,Rf,p
263Rf,104760#,150#,,,11.0,,263,Rf,
263Sgm,110250#,100#,420ms100,,51.0,,263,Sg,m
263Sgp,110290#,100#,,,100.0,,263,Sg,p
263Sg,110200#,100#,940ms140,,1974.0,α=878;SF=138,263,Sg,
264Bhp,116290#,230#,,,,,264,Bh,p
264Bh,115960#,180#,,,1995.0,,264,Bh,
264Db,109260#,240#,,,,,264,Db,
264Hs,119563,29,,0+,29.0,α=7030;SF=3030,264,Hs,s
264Lr,106380#,440#,,,,,264,Lr,r
264No,105010#,590#,,0+,,,264,No,o
264Rf,106080#,360#,,0+,,,264,Rf,
264Sg,110780#,280#,78ms25,0+,2006.0,,264,Sg,
265Bh,116400#,240#,,,2004.0,α=?,265,Bh,
265Db,110380#,220#,,,,,265,Db,
265Hsm,121130,24,,,24.0,,265,Hs,m
265Hs,120900,24,1.96ms0.16,,24.0,,265,Hs,s
265Lr,108230#,550#,,,,,265,Lr,r
265Mt,126620#,440#,,,,,265,Mt,t
265Rf,108690#,360#,,,2010.0,,265,Rf,
265Sgm,112790#,130#,,,1994.0,,265,Sg,m
265Sg,112790#,140#,,,1994.0,,265,Sg,
266Bh,118100#,160#,,,2000.0,,266,Bh,
266Db,112740#,280#,,,80.0,α?;SF=?;β+?,266,Db,
266Hsm,122240,90,280ms220,,90.0,,266,Hs,m
266Hs,121140,27,3.0ms0.6,0+,27.0,α=769;SF=249,266,Hs,s
266Lr,111660#,540#,,,22.0,SF=100,266,Lr,r
266Mtm,128810,120,6ms3,,120.0,α=100,266,Mt,m
266Mt,127670,100,2.0ms0.5,,100.0,,266,Mt,t
266Rf,110140#,410#,,0+,,,266,Rf,
266Sg,113620#,250#,390ms110,0+,2006.0,,266,Sg,
267Bh,118770#,260#,,,22.0,α=100,267,Bh,
267Db,114010#,370#,,,2004.0,SF=100,267,Db,
267Ds,133880#,200#,,,10.0,α=100,267,Ds,s
267Hsm,122700#,100#,,,39.0,α=?;IT?,267,Hs,m
267Hs,122660#,100#,55ms11,,1995.0,,267,Hs,s
267Mt,127790#,500#,,,,,267,Mt,t
267Rfp,113520#,580#,,,,,267,Rf,p
267Rf,113440#,580#,,,2004.0,SF=100,267,Rf,
267Sgp,115830#,270#,,,,,267,Sg,p
267Sg,115810#,260#,,,2008.0,SF=83;α=17,267,Sg,
268Bh,120710#,380#,,,,,268,Bh,
268Dbp,117210#,540#,,,150.0,,268,Db,p
268Db,117060#,530#,,,29.0,,268,Db,
268Ds,133650#,300#,,0+,,,268,Ds,s
268Hs,122970#,300#,,0+,2010.0,,268,Hs,s
268Mt,129150#,230#,23ms7,,1995.0,α=100,268,Mt,t
268Rf,115480#,660#,,0+,,,268,Rf,
268Sg,116800#,470#,,0+,,,268,Sg,
269Bh,121480#,370#,,,,,269,Bh,
269Db,119150#,620#,,,,,269,Db,
269Ds,134830,30,,,30.0,α=100,269,Ds,s
269Hs,124490#,130#,,,15.0,α=100,269,Hs,s
269Mt,129300#,310#,,,,,269,Mt,t
269Sg,119690#,370#,,,2010.0,,269,Sg,
270Bhp,124920#,360#,,,,,270,Bh,p
270Bh,124230#,300#,,,2007.0,α=100,270,Bh,
270Db,122400#,580#,,,2010.0,,270,Db,
270Dsm,136070,60,4.3ms1.2,,60.0,,270,Ds,m
270Ds,134680,40,,0+,40.0,,270,Ds,s
270Hs,125110#,250#,,0+,2003.0,,270,Hs,s
270Mt,130710#,190#,800ms400,,2004.0,,270,Mt,t
270Sg,121430#,460#,,0+,,,270,Sg,
271Bh,125860#,380#,,,2013.0,α=100,271,Bh,
271Dsm,136020#,100#,1.7ms0.4,,68.0,α=100,271,Ds,m
271Ds,135950#,100#,144ms53,,1998.0,SF=75;α=25,271,Ds,s
271Hs,127690#,280#,,,2008.0,,271,Hs,s
271Mt,131100#,330#,,,,,271,Mt,t
271Sg,124620#,590#,,,2004.0,α=4223;SF=5823,271,Sg,
272Bh,128790#,530#,,,2004.0,,272,Bh,
272Ds,136080#,420#,,0+,,,272,Ds,s
272Hs,129000#,510#,,0+,,,272,Hs,s
272Mt,133480#,490#,,,,,272,Mt,t
272Rg,142770#,230#,4.2ms1.1,,1995.0,α=100,272,Rg,
272Sg,126520#,690#,,0+,,,272,Sg,
273Bh,130680#,660#,,,,,273,Bh,
273Dsm,138490#,140#,120ms,,198.0,α=100,273,Ds,m
273Ds,138290#,140#,,,240.0,,273,Ds,s
273Hsp,131970#,390#,,,,,273,Hs,p
273Hs,131770#,370#,1060ms500,,2010.0,,273,Hs,s
273Mt,134780#,420#,,,,,273,Mt,t
273Rg,142890#,400#,,,,,273,Rg,
273Sg,129920#,400#,,,,,273,Sg,
274Bh,133760#,580#,,,57.0,α=100,274,Bh,
274Ds,139200#,390#,,0+,,,274,Ds,s
274Hs,133410#,470#,,0+,,,274,Hs,s
274Mt,137250#,380#,850ms540,,2007.0,α=100,274,Mt,t
274Rg,144610#,210#,20ms11,,2004.0,,274,Rg,
275Bh,135780#,600#,,,,,275,Bh,
275Ds,141670#,340#,,,,,275,Ds,s
275Hsp,136750#,600#,,,,,275,Hs,p
275Hs,136490#,590#,280ms130,,2004.0,α=100,275,Hs,s
275Mt,138770#,390#,31ms17,,2004.0,α=100,275,Mt,t
275Rg,145400#,450#,,,,,275,Rg,
276Bh,138950#,600#,,,,,276,Bh,
276Cn,150360#,500#,,0+,,,276,Cn,n
276Ds,142540#,550#,,0+,,,276,Ds,s
276Hs,138190#,720#,,0+,,,276,Hs,s
276Mtm,141560#,540#,,,250.0,α=100,276,Mt,m
276Mt,141310#,530#,700ms80,,2004.0,α=100,276,Mt,t
276Rg,147390#,630#,,,,,276,Rg,
277Bh,141100#,600#,,,,,277,Bh,
277Cn,152330#,150#,,,790.0,α=100,277,Cn,n
277Ds,145090#,390#,6ms3,,2010.0,,277,Ds,s
277Hsm,141480#,460#,,,130.0,SF=100,277,Hs,m
277Hsp,142000#,490#,,,,,277,Hs,p
277Hs,141380#,450#,12ms9,,2010.0,,277,Hs,s
277Mt,143010#,660#,,,2013.0,SF=100;α?,277,Mt,t
277Rg,148410#,470#,,,,,277,Rg,
278Bh,144370#,400#,,,2016.0,,278,Bh,
278Cn,152840#,440#,,0+,,,278,Cn,n
278Ds,146250#,510#,,0+,,,278,Ds,s
278Hs,143220#,300#,,0+,2016.0,,278,Hs,s
278Mtp,146160#,590#,,,,,278,Mt,p
278Mt,145770#,580#,,,2010.0,α=100,278,Mt,t
278Nh,159030#,220#,2.3ms1.3,,2004.0,,278,Nh,
278Rg,150520#,390#,8ms5,,2007.0,α=100,278,Rg,
279Cn,155020#,400#,,,,,279,Cn,n
279Dsp,149250#,610#,,,,,279,Ds,p
279Ds,149020#,610#,210ms40,,2004.0,SF=885;α=125,279,Ds,s
279Hs,146500#,600#,,,,,279,Hs,s
279Mt,147590#,670#,,,,,279,Mt,t
279Nh,159460#,600#,,,,,279,Nh,
279Rgp,151760#,430#,,,,,279,Rg,p
279Rg,151720#,420#,170ms110,,2004.0,α=100,279,Rg,
280Cn,155650#,580#,,0+,,,280,Cn,n
280Ds,150320#,750#,25ms20,0+,,SF=100,280,Ds,s
280Hs,148420#,600#,,0+,,,280,Hs,s
280Mt,150510#,600#,,,,,280,Mt,t
280Nh,161240#,400#,,,,,280,Nh,
280Rg,153890#,530#,,,2004.0,α=100,280,Rg,
281Cn,157950#,400#,180ms80,,2010.0,,281,Cn,n
281Dsm,153350#,460#,,,2012.0,α=100,281,Ds,m
281Dsp,153340#,500#,,,,,281,Ds,p
281Ds,153270#,490#,,,14.0,SF=907;α=107,281,Ds,s
281Mt,152400#,600#,,,,,281,Mt,t
281Nh,161810#,300#,,,,,281,Nh,
281Rg,155330#,770#,,,19.0,SF=878;α=138,281,Rg,
282Cn,158830#,550#,1.1ms0.3,0+,2004.0,,282,Cn,n
282Ds,154790#,300#,,0+,2016.0,,282,Ds,s
282Mt,155460#,450#,,,2016.0,,282,Mt,t
282Nh,163730#,400#,140ms90,,2007.0,α=100,282,Nh,
282Rg,157740#,590#,,,130.0,α=100,282,Rg,
283Cn,161340#,620#,,,2004.0,α=81;SF=19,283,Cn,n
283Ds,157830#,500#,,,,,283,Ds,s
283Nh,164560#,440#,140ms90,,2004.0,α=100,283,Nh,
283Rg,159380#,680#,,,,,283,Rg,
284Cn,162420#,760#,102ms17,0+,2004.0,SF=100,284,Cn,n
284Ds,159460#,500#,,0+,,,284,Ds,s
284Fl,168780#,660#,3.1ms1.3,0+,2015.0,,284,Fl,
284Nh,166590#,530#,,,2004.0,α=100,284,Nh,
284Rg,161970#,500#,,,,,284,Rg,
285Cnm,165620#,460#,,,15.0,α=100,285,Cn,m
285Cn,165090#,510#,,,30.0,α=100,285,Cn,n
285Fl,170930#,400#,210ms100,,2010.0,,285,Fl,
285Nh,167770#,780#,,,2010.0,α=100,285,Nh,
285Rg,163730#,600#,,,,,285,Rg,
286Cn,166450#,700#,,0+,30.0,,286,Cn,n
286Fl,171610#,550#,130ms30,0+,2004.0,α=5911;SF=4111,286,Fl,
286Nh,169960#,590#,,,12.0,α=100,286,Nh,
286Rg,166510#,460#,,,2016.0,,286,Rg,
287Cn,169370#,700#,,,,,287,Cn,n
287Fl,173930#,620#,510ms120,,2004.0,,287,Fl,
287Mc,177750#,440#,60ms30,,2004.0,α=100,287,Mc,
287Nh,171460#,710#,,,,,287,Nh,
288Cn,170930#,700#,,0+,,,288,Cn,n
288Fl,174920#,760#,653ms113,0+,2004.0,,288,Fl,
288Mc,179670#,540#,177ms20,,2004.0,α=100,288,Mc,
288Nh,173970#,700#,,,,,288,Nh,
289Flm,178220#,470#,,,2012.0,α=100,289,Fl,m
289Fl,177470#,510#,,,2004.0,,289,Fl,
289Lv,184460#,500#,,,,,289,Lv,v
289Mc,180680#,780#,410ms150,,2010.0,α=100,289,Mc,
289Nh,175550#,500#,,,,,289,Nh,
290Fl,178730#,700#,,0+,80.0,,290,Fl,
290Lv,185030#,550#,9ms3,0+,2004.0,,290,Lv,v
290Mc,182790#,590#,840ms360,,2010.0,α=100,290,Mc,
290Nh,178320#,470#,,,2016.0,,290,Nh,
291Fl,181500#,700#,,,,,291,Fl,
291Lv,187240#,620#,26ms12,,2004.0,,291,Lv,v
291Mc,184180#,740#,,,,,291,Mc,
291Ts,191650#,600#,,,,,291,Ts,s
292Lv,188130#,760#,16ms6,0+,2004.0,,292,Lv,v
292Mc,186600#,700#,,,,,292,Mc,
292Ts,193620#,670#,,,,,292,Ts,s
293Lvm,191290#,470#,80ms60,,2012.0,α=100,293,Lv,m
293Lv,190570#,520#,70ms30,,2004.0,,293,Lv,v
293Og,198800#,710#,,,2010.0,,293,Og,
293Ts,194430#,780#,25ms6,,2010.0,α=100,293,Ts,s
294Og,199320#,550#,0.7ms0.3,0+,2004.0,,294,Og,
294Ts,196400#,590#,70ms30,,2010.0,α=100,294,Ts,s
295Og,201370#,660#,680ms540,,2006.0,,295,Og,
